Area_sqft,Bedrooms,Bathrooms,Age_years,Garage_size,Has_Garden,Neighborhood,Distance_to_Center,Condition,Price_USD
2248.3570765056165,4,3,32,1,0,Modern_District,17.750779338476878,Good,575232.97
1930.8678494144076,1,3,49,2,0,Modern_District,17.556304558812197,Renovated,508851.33
2323.844269050346,3,1,37,1,1,Modern_District,10.64037407305659,Old,397415.25
2761.514928204013,5,3,26,1,1,Downtown,10.15046223923093,Renovated,1033141.33
1882.923312638332,3,3,33,0,1,Modern_District,4.092084949161339,Renovated,592506.38
1882.9315215254096,3,2,14,2,1,Rural,11.637151298741783,New,346154.51
2789.6064077536957,1,1,31,2,0,Downtown,3.885345397315975,Good,804663.15
2383.717364576454,1,1,20,2,1,Modern_District,23.231282396649497,Old,387140.91
1765.262807032524,1,1,45,1,0,Rural,29.02195463469739,New,210612.41
2271.2800217929826,2,3,4,2,0,Rural,29.1321592433345,Good,289703.6
1768.291153593769,4,1,5,2,1,Rural,26.08706188188642,Old,159312.93
1767.1351232148716,2,3,37,0,1,Suburbs,18.422972330848953,Old,241742.73
2120.981135783017,4,3,21,0,0,Downtown,21.32510522007252,Old,483052.03
1043.359877671101,4,2,17,0,0,Rural,9.270968277732008,Good,163494.04
1137.5410837434836,3,2,13,1,1,Suburbs,19.292342185006,Old,180984.99
1718.8562353795137,3,2,9,2,0,Modern_District,14.213836933756447,Old,341954.68
1493.5844398327881,4,2,45,0,1,Rural,14.978502853531042,New,246105.06
2157.123666297637,4,2,12,0,1,Suburbs,22.97552025087958,Renovated,507355.24
1545.9879622393946,2,3,30,0,0,Rural,9.175632312320298,Good,220171.04
1293.8481493323543,2,3,29,2,0,Downtown,10.223148739141077,Renovated,501617.48
2732.824384460777,3,1,2,2,1,Downtown,27.814611942730462,New,1089426.06
1887.1118497567322,1,3,29,2,0,Modern_District,2.630504550678195,Renovated,564743.65
2033.764102343962,4,3,5,1,1,Rural,15.083394653986872,Old,212856.88
1287.6259068932716,2,2,28,1,1,Suburbs,27.47122321182799,Old,176971.25
1727.8086377374086,3,3,7,0,1,Modern_District,18.700527226726553,Good,491080.52
2055.461294854933,2,2,43,2,0,Rural,16.845805152151833,Good,248818.81
1424.5032112888484,4,1,44,0,1,Modern_District,8.242581197651301,Good,373820.88
2187.849009172836,4,1,42,2,1,Suburbs,10.954989182869,New,553382.53
1699.6806550405975,5,3,43,2,1,Modern_District,25.709404058336094,Good,450671.29
1854.1531251033616,1,1,32,2,1,Modern_District,17.217325821285286,New,557252.94
1699.1466938853016,5,3,16,1,1,Modern_District,15.927523618946616,Old,358739.46
2926.139092254469,3,1,47,1,1,Rural,3.887811692660839,Renovated,422590.47
1993.2513876310331,2,2,10,2,1,Suburbs,1.4648165371985704,Old,307277.3
1471.1445355220499,3,2,12,0,1,Downtown,28.946870471924424,Old,341175.76
2411.2724560515944,4,2,49,2,1,Rural,11.932598851318408,Old,220180.57
1389.5781750144888,5,2,10,2,1,Downtown,18.493178800885627,Good,523851.45
2104.431797502378,5,3,30,0,1,Downtown,3.3117371224312646,Good,719839.35
1020.1649380601123,5,1,27,2,0,Rural,20.81031428596835,Good,148560.81
1335.9069755507849,3,3,43,0,1,Rural,28.044434552472868,Renovated,166559.33
2098.4306179345617,4,2,5,1,1,Suburbs,17.69429233692517,Good,464880.31
2369.2332899977055,2,3,40,1,1,Suburbs,4.657344348886906,New,618438.25
2085.6841405949854,2,1,15,0,0,Modern_District,17.869924296730826,Old,365493.45
1942.1758588058797,3,3,3,1,1,Downtown,23.22406918003492,Renovated,759007.43
1849.4481522053557,5,1,34,1,0,Suburbs,12.786079560646542,Renovated,449469.3
1260.7390048162863,1,3,47,0,1,Modern_District,26.515294690302568,Renovated,310836.46
1640.0778958026458,3,1,25,1,1,Suburbs,19.81180564736357,Renovated,378047.8
1769.6806145201062,3,1,11,2,0,Rural,27.07821863038687,Renovated,248017.09
2528.561113109458,4,2,10,2,1,Suburbs,19.081654026172778,New,685335.56
2171.8091447842307,2,1,36,0,0,Downtown,4.8073511881399025,Old,439954.43
1118.479922318633,3,2,24,1,0,Suburbs,9.981059622050484,Renovated,298787.6
2162.0419846973973,3,2,17,2,1,Downtown,6.852053499321251,Old,490211.55
1807.4588597918419,5,2,18,2,1,Rural,27.355968433789005,Good,235698.76
1661.5389998470207,5,3,22,1,1,Downtown,23.051601951337,Renovated,667981.14
2305.8381444204338,1,3,37,1,1,Suburbs,20.615552698390175,Renovated,475912.35
2515.4997612479756,4,3,17,2,0,Modern_District,9.72802326931703,Old,470978.63
2465.6400595580994,1,3,25,2,0,Rural,6.337298389456192,Renovated,371617.15
1580.3912383886807,5,1,5,0,1,Suburbs,22.937081551678443,Renovated,417451.85
1845.3938120743928,2,1,3,0,0,Rural,14.75058043049331,Renovated,290630.34
2165.631715701782,5,3,43,2,0,Rural,7.547897012368245,New,389684.7
2487.7725635611796,4,1,28,0,1,Suburbs,18.88203736679298,New,639356.52
1760.412881077355,5,1,33,2,0,Suburbs,2.169681712015107,Renovated,450515.15
1907.1705116680914,4,2,16,2,0,Modern_District,10.458937369719353,New,702226.41
1446.8325129969858,4,2,42,0,1,Rural,14.588152843142904,Good,187109.66
1401.8966879596646,4,2,42,0,0,Rural,5.290791689172769,Renovated,228101.04
2406.262911197099,4,2,15,1,1,Suburbs,29.554979850134348,Good,476592.03
2678.1200142854113,4,1,1,1,0,Downtown,7.063823573098813,Old,621913.33
1963.994939209833,2,3,33,1,1,Suburbs,4.7802407712547,Good,411043.73
2501.766448946012,1,1,7,2,0,Rural,6.902511342719995,Old,238701.38
2180.818012523817,3,1,12,0,0,Suburbs,23.302772861632004,Renovated,501205.88
1677.4401226974378,1,1,41,2,1,Modern_District,13.33966411888344,Old,257205.44
2180.697802754207,4,2,7,0,1,Downtown,17.397062252823602,Old,521344.07
2769.0182832329847,2,2,29,2,1,Suburbs,1.6092655526044615,Good,558520.6
1982.0869804450242,5,2,31,1,1,Modern_District,1.9985079486261221,Good,562745.91
2782.3218279070034,2,3,35,1,0,Rural,13.928940944983468,Good,345736.55
690.1274479551278,4,1,46,1,0,Suburbs,24.683002052847083,Renovated,150715.37
2410.9512521876118,2,3,29,2,0,Rural,26.671927482519393,Renovated,320364.3
2043.5235341190855,2,2,0,0,1,Modern_District,3.5144904602735663,Good,584812.96
1850.4963247670662,4,3,42,0,0,Rural,16.612529960929663,Renovated,265273.51
2045.8803882677512,2,1,38,1,0,Modern_District,27.483660902098844,Renovated,525435.17
1006.2155426995536,3,1,16,1,1,Modern_District,12.251209877538704,Old,208169.5
1890.164056081244,3,2,19,1,1,Modern_District,25.05740911142269,Old,340865.44
2178.5562857558734,2,2,23,1,0,Suburbs,4.8771739775836505,Good,459252.49
2738.947022370758,5,3,49,0,1,Rural,28.12644020036616,Renovated,377381.46
1740.8648908631762,4,2,21,2,0,Rural,22.791276208407776,Old,165694.77
1595.7531985534063,3,2,28,2,0,Downtown,28.29869739082015,New,638153.0
1749.1214782077318,5,1,21,2,1,Downtown,20.621899773022687,Renovated,664446.44
2457.701058851037,2,2,43,2,0,Downtown,11.538714027983383,New,916140.07
2164.3755548298423,5,2,8,1,1,Downtown,28.20725400321695,Good,710862.31
1735.1198981164807,1,1,36,1,1,Rural,8.991436512966175,Renovated,238147.56
2256.633716556678,3,1,9,1,0,Modern_District,10.633003139790244,Good,609239.85
2048.5387746740203,2,3,35,2,0,Modern_District,21.323444122050468,Good,494349.15
2484.3224952664445,4,2,36,1,0,Suburbs,23.1941726862362,Good,466809.69
1648.9734530613239,2,1,27,1,1,Modern_District,27.952701031625462,Good,393582.12
1836.1689267011159,4,3,27,0,0,Rural,6.939269862630075,Good,274552.98
1803.9459234339213,2,3,41,0,1,Rural,24.141943021357495,Renovated,238456.46
1268.2425259339407,5,2,42,1,1,Rural,22.41783554851194,New,202881.11
2148.060138532288,5,2,20,0,0,Suburbs,2.8500421313543383,Renovated,566473.63
2130.5276360899447,5,3,23,0,1,Downtown,12.229471095096002,Renovated,834236.92
2002.5567283212304,1,1,41,1,0,Modern_District,9.200198254742858,Renovated,525323.67
1882.7064333124265,4,3,39,1,0,Rural,9.830222306266881,Old,181167.93
1292.3146289747929,5,2,1,1,0,Rural,29.505459507086325,Old,124032.45
1789.6773386173204,1,1,7,1,0,Downtown,19.64054499091791,Renovated,632160.01
1828.6427417366153,4,1,47,2,0,Rural,21.81260857601149,New,276688.72
1598.8613653891905,2,3,26,2,0,Modern_District,29.321911482135267,Renovated,450860.74
1919.3571441669953,1,2,21,1,0,Suburbs,11.938851691271521,Good,392103.07
2202.0254284072694,3,3,36,0,1,Rural,24.253364885131372,Old,177882.97
2943.0929506052653,1,3,26,1,0,Modern_District,13.601397935830366,Old,498634.31
2087.2889064159194,1,3,28,1,1,Rural,26.216476482634413,Renovated,270833.82
2128.775195361382,4,1,2,0,1,Downtown,6.2390686980277925,Renovated,843625.94
1962.7770421169164,2,1,43,2,1,Rural,28.48289913486411,New,266451.05
1040.6143923504792,3,2,12,1,0,Rural,7.344379543915511,New,223182.18
1986.7430622753916,5,2,44,1,1,Suburbs,10.460394702447013,Good,410276.61
2030.1151049705131,5,3,9,2,1,Downtown,22.929574789096634,Renovated,815209.25
3231.621056242643,1,3,35,2,0,Downtown,12.418899105396795,Renovated,1062260.66
1903.8195176094387,4,3,8,0,0,Suburbs,18.638129926226952,Renovated,496170.82
2150.7736711668063,4,2,26,2,1,Rural,13.892631531013427,Old,198276.92
1982.6441151473784,5,1,33,2,0,Modern_District,22.528728175603675,Good,503279.55
1415.660981190234,3,1,0,2,0,Downtown,7.6216063186897145,New,688658.72
2571.4114072575103,2,3,31,0,0,Downtown,2.695281629869433,Old,545743.76
2375.966516343387,3,3,24,2,0,Rural,9.697952526718922,Old,224629.51
2395.5159735215234,2,3,28,2,1,Rural,14.754951281184479,Old,205312.7
1545.3062726026305,5,3,6,0,0,Downtown,5.872581513587678,Old,433694.15
2701.3971554680497,2,2,48,2,0,Rural,11.289121400035272,Good,330436.77
1299.0744686038597,4,1,2,2,0,Modern_District,12.599507530513486,Renovated,471149.6
2293.428546900135,1,3,19,0,1,Downtown,2.6643634669599328,New,936246.47
3095.227812904989,1,2,19,1,1,Modern_District,17.915910197341933,New,957631.54
1504.7318374346557,5,3,29,0,0,Modern_District,26.645959411167336,Old,291865.64
1716.851135198614,4,3,34,2,0,Rural,5.400544475638521,Old,176142.37
2049.8256825438207,3,1,34,2,1,Modern_District,18.336432388643907,Good,499897.07
1748.2621729419004,4,3,48,2,0,Rural,20.277436942414543,Old,146705.23
1224.6682844669335,1,1,38,0,0,Suburbs,13.160705732159363,New,289473.94
2034.2814874030137,1,1,26,2,1,Rural,21.33183003356383,New,298629.8
1468.8481431369476,4,1,25,2,0,Modern_District,12.91121476123935,Renovated,463944.88
2236.796215317591,4,2,13,0,0,Suburbs,15.634481351345611,Renovated,550157.63
1540.2878828830985,1,2,16,1,1,Rural,1.2132382920783824,New,297885.18
2774.96720250877,3,1,17,1,1,Modern_District,21.059883309905974,New,893316.88
1608.3733538318816,5,3,44,2,0,Downtown,20.17893768939701,Good,520803.06
1838.9692418971622,5,1,28,0,1,Downtown,2.1136254424639924,Good,620194.75
2406.758608684835,4,3,19,2,0,Rural,11.67925311445886,New,444934.86
1384.5678417830222,5,1,26,0,0,Rural,29.391923382958353,Old,113672.16
2113.729967302065,1,3,17,0,0,Downtown,13.201360314489888,Renovated,758906.14
2653.571377141214,1,2,3,1,1,Modern_District,15.556416748823409,New,876778.78
1196.2583827193862,4,3,0,1,1,Modern_District,27.387974586631838,Old,268974.68
2092.3169292661523,4,1,49,0,0,Modern_District,21.800594400106935,New,629326.27
2129.9413971242116,4,2,0,2,0,Rural,17.880033802602483,Renovated,353428.58
2390.9114358886554,3,3,25,1,1,Suburbs,24.136335758891104,Renovated,523614.78
1381.5246445609591,5,3,44,2,1,Suburbs,26.066621727223225,Good,287663.55
1339.7716934578618,4,3,19,1,1,Suburbs,14.24975408038074,Good,317536.86
2260.970782808449,2,3,22,1,0,Suburbs,14.778142583023227,Good,460578.24
2148.492336616593,2,3,9,2,1,Suburbs,12.195477133903237,Good,463952.79
2125.2464251729384,1,2,10,1,1,Rural,29.034478060535356,Renovated,291759.59
2173.2241047484877,5,2,40,1,0,Rural,21.21782137442016,Old,191914.62
1659.9876392107547,4,2,40,2,0,Suburbs,3.4134689200340964,Old,248954.04
2116.1268485805017,2,2,4,1,0,Rural,26.025829076077535,Old,178766.72
2146.5362366493405,5,1,0,1,1,Rural,14.936238284251774,New,406601.42
1642.824290986816,1,2,16,1,0,Suburbs,2.9938632862521364,Good,348089.77
2932.8872555723783,3,3,21,2,0,Modern_District,16.94180039973602,Good,741073.6
2236.9164604558937,5,3,33,0,0,Rural,13.09776409029536,Renovated,354754.46
1404.3482513986755,5,2,44,2,0,Modern_District,26.454732741016123,Renovated,408099.64
2328.276804316915,3,3,40,0,1,Rural,6.9158435046722335,New,403678.86
1512.6591648863393,5,2,28,1,0,Rural,24.967473675273304,New,255574.88
2393.542301871226,1,3,3,0,1,Suburbs,17.172972044378128,Old,343441.74
2579.297789503702,1,1,4,2,1,Rural,2.583698793190602,Renovated,396023.83
1589.6588408241448,3,1,10,2,1,Downtown,29.183513738439053,Good,501167.33
2481.6880646221607,4,2,20,1,0,Downtown,15.865842078992797,Old,553360.15
2206.390463468249,2,2,34,0,1,Suburbs,9.435428772715893,Good,436540.71
2411.030079997245,4,2,11,1,0,Modern_District,14.612798417688484,Old,447525.44
2948.396491326974,5,3,25,1,0,Modern_District,25.87787572200718,Good,748559.87
1877.3059419985648,2,2,18,2,0,Modern_District,9.842190607166842,New,654462.12
1623.1319178212552,3,1,44,0,1,Downtown,6.587615498114309,Old,338311.08
1555.2427851872383,3,3,6,0,0,Modern_District,4.743066160995562,Good,485086.04
1592.0948575172808,2,2,46,0,0,Modern_District,9.637922553316127,Good,392354.52
1961.4491452929478,1,3,6,0,0,Suburbs,23.62139452416126,Renovated,455866.88
2170.575987408322,2,3,25,1,1,Modern_District,14.677164590662588,Old,385994.09
2138.3453996650096,5,2,39,1,1,Downtown,7.5969665071126595,Good,685934.14
2413.591624518012,1,3,4,2,1,Downtown,5.819364988682727,Renovated,909246.71
2006.5009459389535,3,1,20,1,0,Downtown,10.649154818800994,Good,637887.95
2726.7670385786587,2,1,13,1,1,Suburbs,28.257806813685555,Old,356523.13
1867.671583381022,4,3,3,2,0,Suburbs,10.947774665110707,New,578173.14
3360.0845832948094,4,2,22,2,0,Rural,29.655598202684427,Old,287999.35
2312.8336738825033,5,3,41,2,1,Modern_District,15.071683217195329,Old,425009.45
1571.4212217918587,4,1,19,1,0,Suburbs,6.195753630414376,Good,355338.42
1464.5537509694439,2,3,14,1,1,Downtown,26.84306266201177,Good,484136.53
2241.2362076215927,2,3,49,2,0,Downtown,14.35030582090998,Old,447099.45
1888.2686073370746,4,1,44,2,1,Suburbs,21.580468961631208,Renovated,403736.52
2357.000247046046,2,3,28,2,0,Suburbs,29.5276359130654,Renovated,498916.04
2236.6188122867725,5,3,7,1,0,Suburbs,2.455085159279246,Renovated,614861.49
1963.5855436715635,1,2,40,1,0,Rural,3.804142233839447,Good,245271.27
1576.6031409657976,5,2,47,0,0,Downtown,21.89324550241993,Good,483785.27
1242.5763876570677,5,1,18,1,0,Rural,9.172925095568688,Old,141803.77
1776.7425239664894,2,1,47,1,1,Rural,6.344740511552873,New,281363.93
2428.199397161736,1,1,38,1,0,Modern_District,2.1414945147721554,Good,569163.69
2107.046872065102,2,2,45,2,1,Downtown,1.6335546475998524,Old,447150.15
1377.130610644006,3,1,27,1,1,Downtown,23.460082490473937,Old,291866.29
2086.590462925591,2,1,45,2,1,Suburbs,4.89856939371695,New,518426.4
2192.658689864418,2,1,26,0,0,Suburbs,14.563897863163376,Renovated,477585.07
1558.0712818994334,2,2,3,0,0,Modern_District,18.571007640205007,Old,308199.33
2076.8625529727638,1,3,14,2,0,Rural,13.422202216496542,Old,192044.57
2029.1043592229998,2,1,34,2,1,Suburbs,1.78609291775076,Old,281269.34
1428.5148510846884,1,3,36,2,0,Suburbs,23.721543575049356,Renovated,298430.74
2178.8936801741415,4,1,0,1,0,Downtown,1.3048835117079511,Renovated,876716.55
2280.3922631841174,3,3,2,0,1,Downtown,23.094806936947037,New,974052.86
2541.5256215876384,1,2,46,2,1,Suburbs,26.905830319855557,Good,424334.26
2526.9010260174514,4,2,23,1,1,Downtown,13.552357710657997,Renovated,907850.77
1311.1653160214546,1,1,26,0,1,Modern_District,16.530731719836147,Good,318678.55
1531.0874800424385,1,3,39,1,1,Suburbs,14.832518385911959,Good,284301.69
2257.51763360433,3,2,35,0,1,Downtown,12.287049940079726,Renovated,784498.89
2256.8929754561045,5,1,33,1,0,Modern_District,26.735311525740446,Old,392813.6
2257.523843153024,5,1,28,0,1,Downtown,26.924071809429723,New,897524.56
3926.365745327361,1,2,23,0,0,Downtown,10.7386745746045,Good,1122145.75
2285.4452553465835,2,2,23,1,0,Downtown,18.837022866426242,Old,483705.38
2567.7828200902995,4,1,41,2,0,Suburbs,27.88031930223006,Renovated,532710.45
2477.0008817466014,2,3,3,0,1,Rural,28.899696469299194,Good,305089.91
2325.6956256528993,2,3,2,2,0,Downtown,15.759812172239378,Good,759879.56
1842.3653776798271,1,3,33,1,1,Modern_District,14.131919353245477,Good,455802.36
2379.4846102466336,1,1,48,2,1,Suburbs,9.082135161927248,Old,292464.0
1613.587392731214,1,2,22,2,0,Suburbs,28.80728432252189,Old,209036.73
1881.5906966299956,1,1,22,2,1,Modern_District,5.141614829713154,Old,328980.64
1757.3182260854483,5,2,44,2,0,Downtown,17.815057705384024,Good,549434.74
2040.9370696931612,1,3,4,2,0,Rural,9.193957758040527,Good,284654.14
3157.329283336754,5,3,30,0,1,Downtown,9.091240420086102,New,1293923.9
1066.367403704126,5,2,40,0,0,Modern_District,12.744089033909466,New,411111.62
2343.1300951872568,1,2,5,0,0,Suburbs,29.964995138653983,Old,307184.59
1193.642064405174,3,1,36,1,0,Rural,2.59402289835484,Old,119741.25
1764.0340671052832,4,3,9,2,1,Suburbs,17.77771272790241,Renovated,451326.56
2544.475298483683,2,1,39,0,0,Modern_District,3.394592583023038,Old,432652.29
2032.1400095477313,5,1,6,1,1,Downtown,5.48110406972505,New,934048.54
1461.127611035347,4,1,38,0,1,Rural,13.74732531141406,New,234657.67
1642.348145370016,3,3,37,0,0,Suburbs,15.803343809046797,New,428913.36
2339.798874467338,2,1,20,2,0,Suburbs,8.504979842571196,Good,466845.87
1634.8166841414318,2,1,19,1,1,Suburbs,10.177256795358069,Good,333581.64
2108.2292947909873,5,1,2,2,1,Downtown,3.5220435874220586,Old,530547.22
2022.7859199519069,1,1,21,2,0,Rural,9.793373731483266,Renovated,298088.56
1674.1998261970914,3,1,46,0,0,Downtown,29.03019474203578,Renovated,522763.28
3071.972044662663,5,1,3,2,1,Downtown,28.39651406850197,Renovated,1091621.6
2316.9595111590056,3,3,27,1,1,Downtown,10.711470413972565,Good,730408.84
987.4287066711964,1,1,11,2,1,Modern_District,17.554764152084086,New,346552.43
2093.227157384714,1,2,37,2,1,Modern_District,27.378266342217387,New,597935.18
1669.106767615806,5,1,35,2,1,Modern_District,1.1793308565860037,Good,470114.48
2426.216667398112,1,1,46,0,0,Rural,24.509823539790165,Renovated,284590.11
1603.7396307836498,4,3,40,1,1,Downtown,28.50271703087865,Renovated,570101.01
1942.6317792665504,2,3,4,0,1,Downtown,3.6484462956731547,Old,478274.34
2252.4936394902284,5,2,12,0,0,Modern_District,5.68198289495471,Old,456894.89
2432.8775970850606,3,2,22,0,0,Downtown,28.86164278036931,Renovated,832409.16
1399.8517964721118,4,3,49,0,1,Downtown,16.588664165570044,Good,454138.86
1832.7493820795257,5,3,29,0,1,Suburbs,1.4117023996799873,Renovated,504928.08
1762.5273444195218,1,1,36,1,0,Downtown,8.471327964142345,Old,351998.02
1673.335383713144,1,3,24,2,1,Suburbs,14.048366553796928,Renovated,387833.82
2882.7271201405483,1,2,47,0,1,Downtown,21.09435841971826,Good,778117.74
2202.490855480478,1,1,26,0,0,Rural,22.26165096596719,New,329018.18
1369.5580228324775,3,2,13,1,1,Modern_District,29.867223874838228,Good,361963.97
2458.9309735273882,4,1,47,1,0,Suburbs,9.337824782129012,Good,479281.03
3061.0780985063166,2,3,46,2,0,Modern_District,16.60838295418578,Old,498836.2
2516.2326302755737,3,2,35,1,0,Suburbs,16.466382887928546,Good,480484.55
1240.3150170229933,3,1,38,2,0,Suburbs,12.763712523969888,Good,238713.25
1757.8829635668744,2,1,15,0,1,Suburbs,5.905694921430186,Old,262280.7
2633.455574593311,2,3,21,0,0,Rural,29.346240332331433,Old,218592.39
1646.1652671906097,1,3,20,2,1,Downtown,25.746198413330998,New,659200.53
2221.909714073114,3,3,20,1,1,Suburbs,15.451657820532878,Renovated,539582.67
2387.3170267146684,5,2,7,2,1,Rural,18.494117257836866,Good,332655.38
1536.5347642109587,2,1,48,1,1,Suburbs,7.590570553230207,Old,202059.29
1970.2373219690999,2,3,15,0,1,Downtown,16.76982504136066,New,829923.0
500.0,4,2,30,1,0,Suburbs,21.154133860522798,Renovated,151875.28
1487.8061793328552,5,2,41,2,0,Rural,15.939843823211074,Old,137132.17
1873.7159243034198,5,2,9,2,0,Downtown,29.718269946963296,Renovated,728539.91
1376.1084090175752,2,3,31,0,0,Rural,18.72890803118406,Renovated,201009.84
2816.2056519658177,1,3,33,1,1,Downtown,11.758237665172903,Good,818843.95
1284.9293110196836,4,1,8,1,0,Downtown,23.392408800859304,Good,457801.32
1779.9777566515081,5,1,16,1,1,Modern_District,5.943412835867619,Old,352169.96
2065.3702886430456,2,3,10,0,1,Modern_District,12.15095859748173,Renovated,641464.74
2720.6366445330577,5,2,31,1,0,Modern_District,11.061809560949989,Old,498852.18
1282.0689244102803,4,2,9,2,0,Downtown,13.52240575812554,Old,332677.47
2581.58187607748,4,2,21,1,0,Suburbs,23.671614951933062,Renovated,597367.64
2005.1165305097936,3,1,16,0,0,Rural,15.041017932738816,Old,191081.15
1509.2456744760245,2,2,3,1,1,Rural,24.026419057712918,Renovated,229028.62
2231.0517371316355,4,1,47,1,1,Rural,17.71817819105611,Renovated,308394.99
2099.529847786735,3,1,46,2,0,Modern_District,10.920013605069105,Renovated,577361.19
1699.8915614206026,3,2,24,1,1,Downtown,24.489383566820702,Renovated,610010.38
2034.9010424950095,5,2,20,2,1,Modern_District,7.910400446039656,New,747172.07
1807.3432015691199,5,3,36,2,1,Suburbs,7.5071064141940695,Renovated,473194.06
2056.758672625624,3,3,37,0,0,Downtown,15.630584797590238,Good,638379.82
2331.0653372605234,5,2,48,2,1,Rural,8.564628132900578,Good,303275.63
2793.008408072676,4,1,0,2,0,Modern_District,1.2635240135852732,Good,765843.57
1381.0922505865756,1,1,24,0,0,Modern_District,19.800628291665245,Renovated,378752.19
3066.5166873281332,4,1,35,2,1,Suburbs,15.821720822699543,Good,584398.44
1023.9561002387491,3,1,16,0,1,Suburbs,13.920016620301675,New,311466.43
1924.1074524822084,3,1,40,1,0,Modern_District,29.042086923931144,Old,310427.97
2294.1586032422883,4,3,23,0,1,Suburbs,17.564776334924495,Renovated,542495.49
2140.495933867516,5,2,1,2,1,Rural,26.03951575589215,Good,304526.84
1688.6502400897032,5,3,39,0,0,Suburbs,5.044056849949645,New,500428.27
1895.9388748213623,3,1,14,2,0,Suburbs,17.5069874307534,Old,276745.41
1753.4995326705837,2,1,31,1,0,Modern_District,26.171409175196185,New,527506.58
1705.3176215278943,5,1,38,0,0,Modern_District,17.910066961117042,Good,445153.04
2424.8010485105124,4,1,5,1,1,Downtown,21.822411165683043,New,1009956.44
2178.5077429825237,5,2,0,2,1,Downtown,11.789263466554013,Old,542870.8
1653.545202369673,4,1,46,2,0,Modern_District,3.6810359940749318,Good,430330.71
2449.799937716625,3,2,22,1,0,Suburbs,14.27910855868507,Old,343996.63
2153.649760438305,5,1,38,0,0,Suburbs,12.439902334326868,New,560164.02
2406.43105941948,4,2,16,0,1,Downtown,26.144745288989473,Renovated,860644.0
2314.8144209618063,3,3,33,2,0,Downtown,8.075863768221694,Renovated,832962.2
1585.502494538964,2,1,40,1,1,Downtown,29.035292598518133,Renovated,483683.32
1719.9094799015152,4,2,28,1,0,Rural,28.786005474330388,Renovated,233825.22
2373.646802561631,2,3,8,0,0,Rural,8.181317649071723,Old,244192.74
2305.1851327167324,2,1,12,0,0,Downtown,11.093506708842295,Renovated,826191.39
1989.549203017926,1,1,5,0,1,Suburbs,26.971116485342666,Old,263743.26
2058.663691654391,5,1,5,1,1,Downtown,29.03204440598712,Good,684735.28
2638.8324478942122,4,2,19,0,1,Rural,13.859733982245277,Renovated,406724.15
1704.214305582085,2,2,2,0,0,Suburbs,10.308914323586036,Old,271076.14
2273.548690585019,1,3,16,2,1,Rural,16.25672638429472,Renovated,338183.39
1898.903673783053,3,2,48,0,1,Suburbs,20.945306984606308,Renovated,395802.82
1891.15939838639,4,2,11,0,0,Rural,8.930760945874415,Renovated,322388.99
2549.388425993595,2,1,47,1,0,Suburbs,22.357722063953112,Old,314185.79
2412.708174494015,5,1,46,1,1,Suburbs,2.49806335632459,New,643517.31
2406.754818000319,1,1,44,2,1,Suburbs,2.429540290168077,Renovated,502313.25
2652.7394035771645,2,1,0,0,1,Suburbs,12.20234344922081,Renovated,625350.99
2010.5019208163794,5,1,16,2,1,Modern_District,11.250722569760898,Good,559155.12
2340.976485647482,2,1,2,1,0,Rural,10.153363245647416,New,414311.9
1844.866621703272,4,1,25,2,0,Rural,15.23957311739839,Old,176025.41
2162.0831762442212,4,3,14,1,0,Modern_District,10.301273887035565,Good,611762.2
1934.9284728161576,4,3,35,2,1,Suburbs,6.575479635574666,Renovated,477818.44
2048.497982496359,1,3,31,2,1,Suburbs,9.974616923569426,Good,403024.33
2297.5785127184568,4,3,31,0,0,Rural,29.272223911496813,Good,281313.66
1590.8896583832638,5,1,3,2,0,Modern_District,12.92228909285061,Renovated,560913.21
3046.19363784273,2,3,17,0,1,Suburbs,13.896670528891738,New,788270.59
1496.991309250149,3,1,48,0,1,Suburbs,17.71980470858306,New,353304.57
1392.9056936061338,5,3,18,0,0,Suburbs,29.51688228401257,Good,322660.22
2579.055436750034,5,2,42,0,0,Downtown,8.006437016637127,Renovated,920481.03
2395.831346981468,4,3,34,2,0,Modern_District,20.75718120544058,Old,431648.09
2312.0599085260774,1,3,39,1,1,Suburbs,21.76355611271,Good,414395.6
2314.17275463214,2,1,13,1,1,Downtown,18.61240808699891,Old,489903.47
1993.8766135765427,1,3,32,1,1,Modern_District,3.5687718494626783,Good,509741.93
1551.3728142570842,2,2,13,2,1,Suburbs,20.62929599899972,Good,323061.91
2037.9022790968631,2,1,33,0,1,Rural,2.858746620049089,Renovated,312186.0
1661.4191442439442,1,1,3,1,1,Downtown,18.28813683694701,Renovated,602521.08
2487.5598667088757,5,3,23,2,0,Downtown,22.447854139430536,Old,563422.48
1926.4713092489308,2,1,28,0,0,Suburbs,7.118126827978562,Old,261926.58
1587.2514016037442,1,1,18,1,1,Suburbs,25.407038218740446,New,371063.75
1839.3070791735033,2,1,5,0,0,Downtown,1.8802603604571235,Renovated,726498.38
2206.4657271378123,3,1,32,1,1,Rural,25.470573046090877,Good,250964.14
1718.1377235980126,5,1,48,1,0,Rural,14.349542468640188,Good,221445.04
1588.8898022167843,4,1,39,1,1,Modern_District,7.31005025801769,New,554075.59
2121.843605745956,2,2,18,0,0,Suburbs,4.879566204825072,Renovated,505298.34
2122.4832855543614,3,3,0,2,0,Rural,28.645907859888805,Good,286237.41
1746.5284123144352,4,2,4,0,1,Modern_District,3.1073020398535447,New,703365.29
1764.4808471908386,4,1,26,1,1,Rural,6.773709178141845,New,335321.35
2116.0249686788184,2,1,15,0,0,Suburbs,11.086848075558333,Good,424803.18
1275.957829251338,1,3,5,2,0,Modern_District,18.986810619872493,Good,373373.16
1296.2681128117224,2,2,39,0,1,Modern_District,16.799231473006856,Old,218106.23
1640.777889373782,3,3,12,2,0,Modern_District,4.643661279957105,Renovated,573704.75
1893.2764241440764,4,2,47,2,1,Rural,9.402111528408224,Old,173468.16
2155.4537827990025,2,1,34,0,1,Suburbs,7.923801361494698,New,545660.15
2737.678108474776,1,3,18,1,0,Modern_District,7.1927427802199,Good,695436.43
2428.8298116010096,2,3,11,2,1,Downtown,12.923185757919624,Old,533567.37
1920.0307350182864,5,1,15,0,0,Suburbs,21.41691212515805,New,518400.5
1990.4918960486557,1,3,42,2,0,Downtown,7.306135034299842,Renovated,671845.2
1498.7353176810957,3,2,9,1,1,Downtown,11.63368751138646,Good,533432.49
1990.743432003805,4,2,24,0,0,Modern_District,12.336605378393706,Old,379321.95
1855.6706805399308,2,2,19,0,1,Modern_District,29.317239353626896,Renovated,520484.37
2161.3592801690447,1,2,30,0,1,Rural,28.685324349492998,Old,173885.11
1586.3845282238385,5,1,3,1,1,Rural,24.203989899810203,New,294274.3
2259.673257120586,1,3,43,2,0,Rural,8.00810870375637,Renovated,320989.52
2766.369456501289,5,2,22,0,1,Suburbs,2.9730821086584207,Old,421351.05
1945.6199257715712,3,1,1,2,0,Rural,10.190219993898118,Renovated,322770.67
2200.8558610494706,4,3,21,2,1,Downtown,8.737041933581095,New,958040.75
2345.0719958555565,3,3,36,1,1,Rural,15.671848204245423,Renovated,337423.28
1799.389764057082,2,1,7,0,1,Modern_District,23.554109391965998,Old,323465.21
2112.0462409052084,1,1,6,2,0,Rural,25.891365227486883,New,323004.4
2006.2962003908974,5,2,13,0,0,Suburbs,25.501058476904745,Good,424997.52
2048.838049274416,5,3,2,0,1,Suburbs,11.430591275468965,Old,354173.45
1613.4951080722667,1,3,49,1,1,Downtown,20.929795960359804,Old,301982.18
2012.2550871294713,1,1,15,0,0,Suburbs,10.07219172820238,New,522714.81
2248.999145622725,2,3,18,0,0,Rural,2.7662607538202986,New,414933.55
2725.571803897521,3,2,17,2,0,Modern_District,21.345392702485327,Good,685448.07
2479.6354130426034,5,3,15,1,1,Suburbs,1.2849990245238474,Old,393303.14
3076.5912287557785,2,1,7,0,0,Downtown,12.866295036296169,New,1213496.94
1616.3262185559752,3,1,32,2,1,Rural,10.551998809760196,Good,222715.93
2436.1603183603393,2,2,48,1,0,Downtown,21.10794861704672,Good,662469.69
2091.671002869176,5,2,11,1,1,Suburbs,23.221118710050987,New,595528.95
3094.901466608836,1,3,10,2,1,Suburbs,9.818744443167231,Old,434781.95
1595.8508573224242,1,3,4,2,1,Downtown,24.537183418900753,Renovated,610549.12
1580.139078909612,3,1,26,2,0,Rural,9.52358605464308,Renovated,259353.44
1700.303677277989,4,2,11,2,0,Suburbs,13.943464439610276,Good,388359.21
938.0521378450965,3,2,16,2,0,Modern_District,22.083537283409886,Renovated,316807.52
1737.1224891596194,4,2,5,0,1,Suburbs,21.09468664751887,Renovated,453807.0
1620.433669223151,2,3,32,0,1,Rural,29.6336856970538,New,234686.16
2075.1968932381037,2,2,4,1,0,Suburbs,7.529669702262025,Good,458425.06
2170.87798788858,5,1,27,0,1,Downtown,20.207219492647887,Old,475562.61
2938.085419607943,4,1,13,0,1,Suburbs,18.680775339997545,Good,585951.36
2475.2119190930252,5,3,4,0,1,Suburbs,27.53785518021087,New,699354.91
1711.5481721687984,1,3,32,2,0,Rural,5.5345021077013765,Renovated,267015.24
1550.792664325821,4,2,49,1,1,Downtown,22.802146744021055,Old,313431.02
2245.9595857532527,3,3,47,1,0,Rural,17.47978987179428,Good,276069.95
1339.883396489679,1,1,40,1,0,Suburbs,8.965310223849258,Renovated,286766.49
2915.7293829271766,1,2,18,1,0,Modern_District,14.75861251026805,Good,706495.39
2589.7200603606434,3,1,21,0,0,Suburbs,10.679521315024136,Old,372204.46
1765.4121739476477,1,2,4,0,0,Rural,17.800088680865365,Good,230118.42
1143.4327354545612,4,3,1,2,1,Modern_District,26.78101771362531,Good,372065.4
2676.9361870827065,5,2,29,1,0,Rural,17.509844547953858,Good,355015.89
1942.730077373691,1,2,46,0,0,Rural,19.319950131470936,Renovated,243180.68
2618.908155986731,4,1,38,0,0,Downtown,16.043687566326575,Old,531614.36
1202.7861706028166,2,1,3,2,1,Modern_District,2.4837996869188013,Old,265000.5
1700.3124885231136,4,2,32,2,1,Suburbs,7.752898149406733,Renovated,425349.07
2002.6218498590915,5,3,12,2,1,Rural,15.2680501535304,Renovated,346362.28
2023.490296882371,4,3,19,0,1,Suburbs,9.996823228596439,Renovated,522481.89
1774.9672642603782,3,1,6,0,0,Downtown,6.2711443350746325,New,796253.07
2311.4249661737495,5,3,14,2,0,Downtown,15.61985241563471,Good,780563.78
1466.1897853087028,2,1,22,1,1,Modern_District,10.36148400998766,Good,385419.61
1928.8102574893533,3,3,13,2,1,Downtown,8.485121652029026,Old,468900.47
2060.1478158559494,4,2,22,2,1,Downtown,14.455577105771043,Good,666726.07
2257.2194170293747,5,1,18,2,1,Suburbs,4.865243484383021,New,650160.96
2355.807439044445,2,1,28,2,0,Downtown,27.904626259186813,Renovated,754523.34
1437.6789540810655,3,2,19,0,1,Downtown,26.163360839657933,Old,321405.4
1232.9429146321888,2,1,28,1,1,Rural,21.520996986475524,Old,97877.51
2638.8384109492545,4,3,23,2,1,Downtown,4.08020100006523,Good,860714.97
2166.157005989796,2,3,17,1,1,Rural,23.500440379621097,Old,200241.89
1625.756731721723,1,1,9,1,1,Downtown,24.43076251516155,Renovated,564733.41
2775.5759877612613,3,3,40,1,1,Downtown,23.265173913715792,Old,562321.77
2057.8373171464295,2,1,7,2,1,Modern_District,4.3050107264579935,Renovated,636373.51
2589.6485920319133,4,2,25,0,0,Modern_District,19.67333075496518,New,857582.75
2033.7592407050545,4,1,28,2,0,Rural,25.19541907673256,New,320724.83
3030.3739624409936,2,2,9,1,0,Downtown,17.743248635370364,Renovated,1063227.62
2877.6704212216023,4,3,16,1,0,Suburbs,19.74581388161458,Good,597807.16
1875.5179257604632,5,2,1,0,0,Modern_District,14.292540903362879,Old,397681.55
2485.785475477178,5,3,5,2,0,Suburbs,16.332512276637527,Good,554026.0
2322.6879747925736,5,1,4,1,1,Modern_District,1.9969288922000312,Old,472411.0
2684.3157787661744,1,3,27,0,1,Modern_District,19.529927637225253,New,834449.49
1517.5382697099478,2,1,40,1,0,Downtown,3.3619691738436166,New,598881.8
2343.0257299992195,1,1,4,0,1,Modern_District,13.615423235866478,New,777306.08
2529.212243424794,4,2,17,0,0,Suburbs,9.486997832354827,Old,375820.87
1120.6302567884427,1,2,25,2,1,Modern_District,16.817410556139677,New,366449.11
1408.3707436671125,4,2,19,1,1,Rural,4.869073730173005,New,300241.18
980.3839111199497,4,2,40,2,1,Downtown,21.057658657226227,New,427994.21
1865.2965827777211,3,3,48,1,1,Downtown,24.05533457092564,New,699153.78
2358.7711278979814,5,3,26,2,1,Rural,5.737279042551538,Good,348532.34
2751.178526048014,4,3,48,1,1,Rural,4.025079533204583,New,477748.95
2037.0473902098877,3,1,11,2,0,Rural,5.219949000833416,New,388592.62
2814.307772785646,5,3,6,0,0,Modern_District,26.43669929505655,Good,745896.95
1309.9492708925543,4,3,2,1,1,Downtown,16.317488590934328,Good,519945.37
1148.3087803224225,4,3,9,1,0,Rural,14.550568884217576,Old,141874.41
1972.2261505516906,1,2,33,0,1,Modern_District,4.094642753968274,Renovated,566501.83
2192.0327244696537,1,3,24,2,0,Rural,19.83712419595189,New,356651.62
1983.6526259529535,5,1,34,1,1,Suburbs,26.171988164957607,New,494850.51
966.2789499800617,4,2,15,1,0,Suburbs,25.017390210380135,New,303705.04
1955.4399802436058,2,1,1,2,1,Downtown,19.155586560443236,Old,444589.46
1347.7652497475733,1,3,23,0,0,Modern_District,3.183082782898535,New,487516.68
2334.836274415019,5,2,9,2,1,Suburbs,4.2595137881043765,Renovated,617212.72
2183.299123048424,4,1,37,2,0,Suburbs,2.429960626184916,Good,451921.28
1530.0601068363223,4,3,21,2,1,Modern_District,8.46689727828161,Old,314273.03
1743.0665413316533,2,1,25,1,1,Rural,4.934182547650955,Good,236326.61
1470.3932390555242,5,1,42,0,1,Modern_District,8.541393167320582,New,524568.32
1968.660451363414,4,1,38,0,0,Rural,12.16668361584989,New,328019.04
2477.571160250619,1,3,26,2,0,Suburbs,28.346500738062936,New,589629.42
1507.1369768322281,2,3,28,1,0,Suburbs,18.70090573366907,Renovated,353564.12
2252.023257758922,5,1,46,2,1,Suburbs,25.21423978480591,Renovated,480979.35
1734.8711908137795,2,2,37,1,0,Downtown,21.600193520657633,Old,346540.47
1603.563583868828,1,2,19,1,1,Downtown,4.26259078527232,Good,523491.06
1946.4848200227211,5,3,26,1,0,Downtown,22.341691784844517,New,834344.6
1482.378838790313,2,3,40,1,0,Modern_District,8.97786756521461,New,499996.3
1723.1753473264089,3,3,19,0,0,Suburbs,19.534127562846486,New,486033.73
1401.061053705576,1,3,43,1,0,Suburbs,10.887897235646667,New,347846.89
2982.3625664581946,1,3,18,1,1,Modern_District,29.932495634675117,Renovated,806844.97
2017.6317759858644,1,2,19,2,0,Downtown,8.642992905406556,Good,626862.17
1650.1372460037073,3,3,34,2,0,Modern_District,9.09478365245382,Good,448708.47
2106.989955367111,3,1,46,0,1,Downtown,27.98949541130955,Old,404091.04
1943.8359751545852,4,1,1,2,1,Suburbs,1.7146877344533573,Renovated,532206.76
1889.5152002333884,2,2,29,1,0,Rural,21.20398064832271,New,280940.56
2307.0833500217127,4,1,33,2,0,Downtown,22.034465331340467,Good,689863.14
2378.7538550236527,2,2,21,0,1,Suburbs,25.25497874490158,Good,460975.87
1734.7494261947363,3,2,2,2,1,Suburbs,29.258740008515783,Renovated,427386.23
1712.09087967766,3,1,5,2,1,Rural,29.29245565554292,Old,131031.91
1862.474151424178,4,3,14,0,0,Suburbs,2.8930259694274527,Old,314524.95
849.0394176322077,5,1,26,0,0,Suburbs,24.83334035983417,New,251582.81
1242.4044689007237,4,1,9,1,0,Downtown,19.74298807606406,Old,311625.04
2683.4371337222624,2,2,8,2,1,Downtown,19.772921896819643,Good,823115.84
2822.4838567506417,4,1,32,1,1,Rural,4.722147871826149,Old,263108.9
1875.4819802218108,1,2,31,2,1,Rural,19.855427826923947,New,283846.37
2288.2784815278833,2,3,47,2,0,Suburbs,29.491994837436188,Good,398309.04
2155.625077271768,2,3,5,1,1,Downtown,27.442738516643963,Old,474269.25
3539.440404227619,5,3,40,2,0,Rural,13.734789163340665,Old,317761.28
2559.787455717288,3,1,35,2,1,Rural,2.1584912252967356,Renovated,386916.35
1936.0412042596167,2,2,1,2,0,Modern_District,11.50651121000594,New,693152.71
1522.229779699787,3,3,28,0,0,Rural,24.9653190364161,Old,125481.63
1196.7768398712137,4,2,3,1,1,Suburbs,21.343473942489815,Renovated,338899.47
2101.7318179336116,1,2,0,0,0,Downtown,14.320966012224735,Good,682744.43
1621.8246273578484,5,3,18,1,1,Rural,2.5979445196061017,Renovated,309366.74
1288.873145201163,3,3,25,1,0,Modern_District,13.379947106875775,Renovated,426584.89
1676.7135578787368,2,2,24,2,1,Downtown,14.60172325181862,Old,362622.02
1459.2259981928025,3,3,9,1,1,Rural,27.928110453929943,Old,135820.31
2843.5708175362824,2,2,14,0,0,Modern_District,19.591497003882623,Old,498990.6
2440.819878474725,3,2,21,0,1,Rural,10.037934582984818,Renovated,388895.31
1996.0136793416914,2,3,47,0,0,Downtown,16.23422966907092,Good,575562.23
2739.972069445013,4,1,20,1,1,Downtown,2.915603926842642,New,1128009.59
2038.684153823809,2,3,21,0,1,Downtown,29.20447883384237,Renovated,705539.76
1569.3578993358683,2,1,35,1,1,Suburbs,11.441737155991055,Old,210077.83
2761.5620386348287,1,2,33,0,1,Rural,14.858153292480939,New,433174.35
2269.455021842329,2,2,29,0,0,Suburbs,11.303235252870754,Good,445761.06
1481.3769228367719,1,1,24,1,1,Downtown,20.792840173369804,New,556818.5
1904.830660958196,5,2,44,0,1,Modern_District,20.204732591558198,Old,337957.47
1562.1908733076214,1,1,27,2,0,Rural,21.744347005344935,Renovated,195368.2
1308.600134517832,4,1,0,1,0,Suburbs,8.776153658745704,Renovated,385560.18
2463.088773765821,1,2,48,1,0,Rural,10.154385953757913,Old,192890.29
2954.708320235065,5,1,44,1,0,Modern_District,4.63228570179003,Renovated,851840.7
1300.7162130904294,4,3,3,2,0,Suburbs,20.009789183537265,Old,240371.4
2281.4846183452855,3,3,6,1,0,Downtown,2.1541166927339237,Renovated,901062.29
1674.6787154390865,3,2,48,0,1,Suburbs,18.332787730180314,Renovated,359354.27
1756.437308117652,1,2,8,0,0,Rural,26.22118066069738,Renovated,247425.51
1703.8030378805654,1,1,35,0,1,Rural,26.83413230039937,Good,177989.18
1568.004615160092,5,1,18,1,0,Rural,14.022095050728888,Good,227914.76
2024.2608139724134,5,1,0,0,1,Rural,14.31980695817914,Old,201453.59
1584.524941794481,2,1,9,1,1,Downtown,3.2321063072325034,Good,543653.68
2135.2284128899196,5,3,35,0,1,Suburbs,20.452185737848037,Old,309928.86
1974.8809452754315,2,3,8,2,0,Downtown,24.816523190812518,New,824427.92
1880.5259765667952,4,2,44,2,0,Downtown,8.094996583536679,New,762838.07
1546.218168979201,1,1,45,2,0,Downtown,13.217725567367575,Good,416961.86
1711.6143347158336,4,1,41,2,0,Rural,25.32634076619284,New,253724.16
2377.695612912878,5,2,31,1,1,Rural,26.43649356220635,New,385736.68
2250.4585938121904,4,1,31,0,0,Rural,8.052219427662553,Renovated,346890.75
1511.2223776007245,4,1,5,2,1,Suburbs,16.966548401699562,Renovated,402681.37
2049.666152714613,4,1,47,1,1,Modern_District,6.582301368438984,Old,355862.04
2375.6935616858946,5,1,37,2,0,Rural,3.95448416004714,New,429680.66
1165.2973594393143,4,1,16,2,0,Suburbs,27.42249454036677,Old,171490.76
2271.6800961899676,2,2,9,1,0,Rural,24.794717622731167,Old,198585.81
1668.6881205270765,5,1,49,1,1,Rural,23.041012152292044,New,243458.02
2285.2993342965797,4,2,26,0,0,Downtown,2.414223245581072,Good,744992.82
1618.3704217287416,5,1,49,0,1,Downtown,25.468134988597466,New,619796.31
1097.5589496677405,3,3,34,2,0,Downtown,13.70327820125613,Renovated,434929.84
1186.2287810584187,2,3,20,2,1,Suburbs,10.929458575579929,New,356760.44
2024.0424733306909,4,3,24,0,0,Modern_District,16.847814469735916,Good,537488.58
2129.861250860741,3,3,27,0,0,Modern_District,3.649244038983119,Old,398683.83
1547.8416874477957,3,2,46,1,1,Suburbs,22.942749931219566,Old,191647.83
2319.296229388687,5,2,14,0,0,Rural,17.89061722976058,Renovated,370687.22
1169.23996886552,3,1,3,0,0,Suburbs,6.411112809321859,Renovated,345426.16
1966.9601006763417,2,3,28,2,0,Rural,6.458733793302322,Renovated,311873.13
1394.4919001187718,2,2,8,0,0,Suburbs,6.343210895607553,Old,229088.52
1674.0819460989205,1,1,26,2,0,Suburbs,2.6530692390060855,Renovated,389321.39
2023.699335658207,2,1,25,0,0,Suburbs,18.04615503177886,New,505085.87
1569.7933173580238,3,2,18,1,0,Modern_District,25.370097150066734,Old,290908.41
1807.7222278850872,2,3,27,0,1,Downtown,1.5074482056342693,Good,594280.38
2503.14640460722,5,1,16,0,1,Suburbs,2.421134704166933,Old,393065.36
1711.5540652384257,1,3,42,0,0,Modern_District,17.61033802392143,New,530112.56
2417.846056032571,3,3,40,2,0,Downtown,24.76537487619552,New,909085.28
1435.1465726711908,1,3,41,1,0,Downtown,10.475427826490375,Renovated,496168.08
2264.9020889576414,3,1,49,0,1,Suburbs,11.138817565423942,Old,309760.77
2720.78431032895,5,3,19,2,1,Rural,18.2940484274065,Old,261007.24
764.1777499363554,1,1,44,1,0,Rural,8.952173784600262,Old,60747.1
1601.5523722647617,4,3,39,2,1,Rural,1.7716426162528398,Good,242124.33
2288.53606359027,3,1,38,2,0,Suburbs,22.321627024946284,Renovated,483350.13
1898.4773069785037,4,3,48,1,0,Rural,19.14384747530214,New,308818.95
2185.5729366856544,1,2,22,0,0,Modern_District,17.841923972614115,New,683387.25
1698.0074066420898,4,3,46,2,0,Modern_District,22.50883974076287,Renovated,488886.67
2043.29489373645,4,3,31,2,1,Modern_District,20.581694289299087,New,682563.86
1922.1613823039602,1,1,46,0,1,Modern_District,6.970577657171313,New,568022.12
2583.8910308299037,5,1,32,0,0,Downtown,11.221950361357184,Renovated,916046.24
2127.2104216506063,4,3,45,1,1,Modern_District,4.657194108680125,New,728796.23
2168.801331037601,4,2,4,1,1,Rural,4.76585338911855,Old,223897.21
1794.0615169387663,5,2,42,1,0,Suburbs,20.609676644339636,Good,357870.13
1756.1968879637532,4,1,47,0,1,Rural,25.89940310249245,Renovated,225891.26
1783.7209060901896,4,2,33,2,0,Modern_District,28.919244931973033,Good,439717.05
2197.2260711891486,4,3,39,2,0,Downtown,19.222066408933888,New,868972.3
1789.5077595898686,2,1,10,1,0,Modern_District,6.338938377467752,New,636937.45
2144.8874284482063,5,3,49,0,0,Suburbs,4.063860018018991,Old,316401.77
3037.7003993227195,4,1,2,2,1,Rural,24.572678174565976,Renovated,449708.07
2435.562351715846,5,1,32,1,0,Suburbs,17.78393781443998,New,628610.0
1836.9882339160795,3,1,10,2,1,Suburbs,18.930265609397875,Renovated,451468.94
2600.6069610819723,3,1,15,2,0,Suburbs,23.66240057388657,Renovated,572711.76
1795.9623134892242,4,2,17,0,0,Rural,21.395039604241095,Renovated,291553.69
980.9377324110731,5,3,29,0,1,Modern_District,25.1992893328268,Renovated,347776.09
1495.9568445412979,5,3,47,2,0,Suburbs,2.6302032583364756,Renovated,397818.83
1064.6040394870722,5,3,9,1,1,Rural,22.678098465648638,Good,170082.31
1824.2432579793456,2,1,17,0,1,Downtown,25.674729962340766,Old,378330.19
2009.2091895947758,3,2,37,2,0,Rural,9.297916231291115,Renovated,299433.51
2838.218656137641,5,3,18,0,0,Downtown,19.572970945804332,Good,914499.39
2163.463686882081,5,2,35,0,0,Rural,10.11069985127219,New,381118.52
1890.449735595568,2,1,12,0,0,Modern_District,28.781160927991166,Renovated,534487.74
2414.702790591745,2,3,45,2,0,Suburbs,1.969283600629609,New,611397.85
894.4323454960575,5,2,2,1,0,Modern_District,17.813992471155697,Renovated,387789.83
2117.807279054283,1,1,9,1,1,Rural,5.828602864435938,Good,292485.38
2385.4325969434835,5,2,37,1,1,Suburbs,21.654385950137602,Good,465616.5
1260.7068771100792,5,3,0,0,0,Downtown,6.100818219141201,Good,554782.93
2571.8770216034645,2,3,26,2,1,Rural,7.82611459505237,Old,240506.04
2169.2482037472073,2,1,45,0,1,Suburbs,15.336753520326985,New,513160.65
1792.3560430495993,5,1,7,1,0,Downtown,27.530213549909465,Old,421432.96
2316.3909330531424,5,1,45,1,0,Downtown,7.139716792291154,Renovated,828677.97
3135.3464289021977,5,2,41,2,1,Modern_District,5.182960612425002,New,1021919.22
2090.9331275292475,2,2,16,0,0,Rural,23.01032812376689,Good,256683.8
2124.110293150168,5,2,8,1,1,Downtown,15.517966437683999,New,945699.15
1770.319550229878,5,1,5,2,0,Suburbs,27.44176825907137,Good,395429.25
1575.0778152676041,4,3,42,0,1,Downtown,5.251822157635426,Old,369164.65
2415.167908272123,1,3,24,0,1,Downtown,19.73190889766814,Old,497535.64
1571.9580870455663,3,2,38,1,1,Modern_District,7.753495238402636,Good,415999.77
2035.7831186096962,1,2,48,1,1,Modern_District,5.546052430897539,Good,474535.07
1761.1712766174417,4,3,27,0,0,Suburbs,20.819453039560845,Renovated,426316.9
2239.489912873196,3,3,32,0,0,Modern_District,18.216853977353264,Old,389812.83
2166.8310526434743,5,2,36,1,1,Downtown,22.889996292507604,Old,470055.64
2518.7699721289496,4,2,8,0,1,Downtown,9.974414716939288,Renovated,960579.09
1744.9918005726265,5,3,17,1,0,Modern_District,13.991178035083509,Old,367505.45
1865.0625323533143,2,1,20,0,0,Downtown,12.758678613582136,Good,584813.16
1510.6181421088463,4,2,1,1,1,Downtown,29.53859445502891,New,687789.78
1777.8533699619443,2,3,42,2,1,Suburbs,9.47521974544225,New,459059.53
2188.650246522426,4,3,37,1,1,Modern_District,9.549699912056239,Old,410381.52
2378.494308322676,4,3,39,1,1,Downtown,11.281898056029615,Renovated,851055.51
1538.9173379111874,2,3,35,2,1,Modern_District,17.373228357419325,Good,377819.08
2434.8029600528303,3,1,49,0,0,Suburbs,8.317359583648612,New,587215.56
2677.8189294024755,1,3,42,2,1,Modern_District,27.543408270998942,Good,599465.29
2206.7174516118503,5,2,36,1,0,Downtown,8.704881381121641,Old,498071.75
2938.397906279033,4,1,14,0,0,Modern_District,26.978656215245646,Old,513650.15
1613.1054004482135,5,3,27,2,0,Downtown,4.000776845750955,New,766236.93
1377.6726483442915,2,1,17,0,1,Downtown,20.04031836958992,Old,306199.1
1110.6398755478608,5,2,33,0,0,Downtown,27.302580034709067,Renovated,435476.43
2748.0221557445916,2,3,21,2,0,Suburbs,5.893733713548657,Old,397091.35
2327.182828177029,5,2,10,0,0,Modern_District,29.081481842878397,Old,435283.28
1972.2076645447726,1,3,12,2,0,Suburbs,14.133617452049839,Old,283070.8
2139.98431315991,1,3,3,1,1,Modern_District,28.425738144789708,Good,553035.91
1437.2554763508117,1,3,21,0,1,Suburbs,20.627781265271363,Good,279482.24
3222.875989808413,1,3,6,1,0,Rural,9.746019226332995,New,556592.9
2064.6105909876137,1,3,42,1,0,Downtown,6.460773222596086,New,782289.78
2054.6973973024465,1,1,23,0,1,Downtown,9.808316340527883,New,799404.17
2362.883311949346,2,3,3,2,1,Suburbs,3.6975048686175747,Old,371474.78
2240.5046158683567,4,3,27,0,1,Rural,5.1721710239565635,Good,320549.66
2111.9420121395656,5,1,14,1,0,Downtown,4.035152770047953,Renovated,833862.57
1604.762772277344,1,1,0,1,1,Modern_District,13.265362768505174,Old,314884.92
2235.734178567998,2,1,2,2,0,Suburbs,24.071772911470006,Old,306774.65
2941.012248237517,2,1,13,0,0,Downtown,5.100123072273865,Old,618512.9
2672.7100230774886,2,1,37,1,1,Downtown,4.779292561997741,Renovated,889891.12
2796.5933133196986,4,1,49,1,0,Suburbs,19.65943953600259,New,666008.49
1744.3921617844073,5,3,0,1,1,Suburbs,6.718306477073922,Renovated,520087.25
1505.1975898707096,4,3,37,2,0,Modern_District,3.8306911051607564,New,569393.63
1937.1065399501758,3,2,37,1,1,Modern_District,5.838608767961752,Renovated,585661.05
2027.8624561443473,2,3,20,1,0,Downtown,27.788210480426507,Good,609355.75
2547.0957592354744,3,3,47,0,0,Downtown,24.822666330509534,Old,500611.35
1153.7676851425904,1,1,28,0,1,Suburbs,11.26787230829773,Old,161806.72
2764.7751597303068,1,1,4,1,1,Downtown,20.018802252494392,Old,568620.05
1920.9960507105052,4,3,48,1,1,Downtown,16.580994536373105,New,755852.09
1786.55946502629,5,2,9,0,1,Suburbs,20.636603640994355,Renovated,476858.84
1493.9478123699164,3,1,27,2,0,Downtown,20.79746342142002,Good,453751.27
1172.5716640671153,5,3,20,2,1,Downtown,19.233286436739796,Renovated,525090.58
2411.585291980957,4,3,49,2,1,Rural,8.716939687581949,Old,220984.61
2036.658983594202,1,2,6,2,0,Modern_District,2.1311862021217256,Good,563731.58
1355.019550129473,5,2,2,2,1,Suburbs,14.211436677713156,Good,342456.63
1352.4606139681919,5,1,44,2,1,Rural,26.83824265603041,Old,109022.53
1832.107650354936,1,2,46,2,0,Modern_District,17.5154204970387,Renovated,465200.5
2834.5107626446966,3,3,19,2,1,Modern_District,25.13934020935533,Old,499638.42
1870.2043243181977,1,3,18,0,1,Modern_District,29.757105945875615,Renovated,518579.99
1248.428523440947,5,2,34,2,1,Rural,5.744869920010012,Good,206343.21
1877.1284679570279,3,2,3,2,1,Rural,21.061551535117488,Good,252547.46
1863.6382151261648,3,2,4,2,1,Modern_District,20.554513637300715,Old,348196.8
651.5566785292142,1,2,0,1,1,Downtown,29.418707973390074,Good,249938.64
1972.8525667410938,5,1,3,0,0,Downtown,29.58242128463121,New,858546.46
1884.532734895661,4,2,11,0,1,Rural,20.913679739999754,Good,263968.34
2348.103182406709,5,1,26,0,0,Rural,8.064828967483635,New,418915.47
2924.4780474726726,2,3,41,2,0,Rural,24.158119305787373,Good,332267.9
2563.2825147738786,4,2,22,2,0,Modern_District,4.1038448921201045,Old,486354.5
1865.5556547225847,3,1,24,1,0,Downtown,23.64027982097723,Old,387209.5
1446.7370456291649,4,2,20,0,1,Rural,27.395687600196197,New,238847.27
3286.67990162493,3,3,23,2,1,Rural,12.102168448284623,Old,301128.82
2029.609217007244,3,3,24,0,1,Suburbs,19.288423554509333,Good,418080.71
2006.964645956473,4,3,44,1,0,Modern_District,13.474139230807962,Good,512669.53
1987.9374564449984,3,2,45,1,1,Suburbs,13.695186594655725,Old,261951.89
2099.0423803839276,3,2,31,1,1,Downtown,10.000755784135482,Good,654254.4
1927.8197940380287,2,1,31,0,1,Suburbs,23.101758993059413,Renovated,397748.67
1713.1689965598819,5,3,4,2,0,Suburbs,28.14912036082865,Renovated,447579.16
1726.570529379804,5,2,35,2,0,Suburbs,28.28177491779937,Good,349158.15
1983.6233648920008,2,3,45,1,1,Modern_District,6.068657261373081,Old,348365.04
1728.2876144331176,4,3,41,2,0,Downtown,26.367565840040417,New,698542.79
1643.5771086614177,1,1,48,1,0,Suburbs,22.385511801386542,Old,188406.84
2053.2151138459485,1,1,41,0,1,Modern_District,8.332284620018388,New,609220.76
1872.5113912895724,1,1,38,1,0,Downtown,2.951253774723922,Old,378478.74
2751.9964942913443,2,1,15,0,0,Rural,8.771920739646962,Good,355617.6
674.515095803494,2,3,32,1,1,Suburbs,27.45403886666424,Renovated,144950.29
2545.7534259612307,3,1,48,2,0,Downtown,19.362181571977395,Old,490108.35
2623.0425962488143,1,1,20,2,0,Suburbs,21.910585166038285,New,630372.11
963.3048837959252,4,1,8,1,0,Rural,8.45741818216378,Renovated,196186.58
1828.6562029598256,4,1,5,2,0,Downtown,21.862256511669788,New,793341.99
1814.2795670021042,1,3,44,2,0,Modern_District,1.8155236820597889,Good,448970.15
1296.2441526410894,1,1,34,2,0,Downtown,11.8843190274174,Renovated,430739.54
1611.0916562045622,1,3,38,0,0,Modern_District,19.175847107727606,New,487821.54
1444.7120772670855,2,2,21,2,0,Downtown,5.236800400698287,Old,345892.92
2876.1352217118115,2,3,40,0,1,Modern_District,24.867103658961106,Good,665252.54
2467.8391965737305,2,3,4,1,1,Rural,7.815907665545641,Good,344915.91
2635.7775474970795,5,1,41,2,1,Rural,19.91615227173494,Good,316265.13
2360.8360320216175,4,2,22,2,1,Rural,12.75071713468456,Old,230538.54
1435.4741143913852,4,2,16,2,0,Downtown,18.28526426885177,Old,353169.17
1737.7398668601131,3,2,11,1,1,Rural,4.116066026238336,Renovated,312468.91
2244.687280613959,2,2,22,0,1,Suburbs,1.4904711977266123,Old,338668.72
1388.9360955540274,5,3,15,0,0,Rural,27.377368394028736,Renovated,231337.48
2356.499215086194,5,2,2,2,0,Modern_District,8.819270254248302,Good,680306.62
1879.8373009209324,4,3,29,1,0,Modern_District,24.770633080633313,Renovated,553566.21
1812.5895962252011,2,3,21,1,0,Modern_District,29.981158713693805,New,587956.43
2355.4799841017457,3,3,8,1,0,Downtown,7.131506481968423,Good,802094.46
2222.13165574302,2,2,28,1,1,Suburbs,8.689951494317313,Good,445306.84
1819.51691709046,1,1,46,1,0,Rural,20.222933841405304,Renovated,206407.51
2579.664901682124,2,1,36,0,1,Suburbs,28.998010403418014,Good,444729.27
1459.4683362000515,1,2,22,0,1,Suburbs,27.558616097531573,Old,186056.28
2307.967803472132,1,1,12,0,0,Modern_District,15.583390081901962,New,733593.83
2296.550628984192,3,1,31,2,1,Modern_District,24.058198193275015,Renovated,613708.85
1845.226780343005,4,3,45,1,1,Modern_District,4.93662973989713,Renovated,569108.93
2163.066511121059,2,3,46,2,0,Downtown,29.345707341916356,Good,591252.16
1374.4432118073487,1,2,47,1,1,Suburbs,28.96624378704361,Old,157954.56
2462.0135096034505,2,2,22,0,1,Suburbs,5.748139778495958,Good,503691.32
1907.5489317785054,4,1,44,2,1,Downtown,9.683270619290091,Good,579379.56
1738.6384897404803,4,3,16,0,0,Downtown,3.904494927696241,Renovated,726507.48
2524.5046129184448,5,2,39,1,0,Downtown,8.879810368047211,Good,788885.29
1647.8281547286203,4,2,20,1,0,Suburbs,24.66271789304099,New,441127.23
1295.76935181822,3,2,1,1,1,Suburbs,11.971152607792524,Good,317855.35
1221.685413238048,1,2,36,0,0,Modern_District,3.563512047255993,Good,322395.27
2303.00497567282,5,2,5,1,1,Modern_District,10.924540218588232,Renovated,761573.4
1359.7853237518584,3,2,43,0,0,Suburbs,29.460116692997122,Good,237128.59
2877.3970909921823,2,1,17,2,1,Modern_District,19.260824262516884,Old,489135.74
959.035296058139,1,3,29,1,0,Downtown,13.068667445778575,Renovated,372095.83
2848.228184145019,4,3,21,1,0,Rural,5.82961689142083,Good,411122.62
2105.5087336013094,1,2,32,1,1,Modern_District,29.59912712122715,New,613038.91
1951.6434440648038,2,3,29,2,0,Suburbs,24.804621268630733,New,479232.01
1727.540456595525,5,3,16,1,1,Modern_District,9.162841771076662,Renovated,606128.07
2199.5680571760354,5,3,42,0,0,Modern_District,3.0319921759144943,Renovated,692162.48
1981.1826487875758,5,2,31,0,0,Modern_District,2.6421411639491827,Good,563660.11
2551.650941008261,4,2,41,1,1,Rural,4.490966335660481,Old,231784.17
2057.1138243310197,3,3,13,1,1,Downtown,17.842288924818227,Good,680124.69
2075.1508807309388,3,3,9,2,1,Suburbs,27.93413921495928,New,553862.27
1818.193893893072,1,2,46,2,0,Rural,15.40555941217355,Old,139975.34
1971.5271881394663,4,1,35,2,1,Suburbs,25.44541899122972,Old,264058.04
2153.9008844460295,5,3,33,1,0,Suburbs,13.930711975934427,Old,326515.76
1144.9158036716872,5,1,8,2,1,Suburbs,21.54892282726693,Good,277676.24
1325.9072889471436,2,3,41,2,1,Rural,22.224309381308522,New,194861.12
2371.6320470113574,2,1,27,0,1,Downtown,6.044947471196821,Renovated,814199.96
2085.432719063971,5,1,10,2,1,Suburbs,11.475265710298542,Good,482085.87
1908.0083318236605,5,1,13,0,1,Downtown,19.481762539602695,Renovated,740288.32
2009.2169665326967,4,2,38,0,1,Downtown,3.0502016373466194,Old,447378.32
2173.7908526808355,3,1,46,2,0,Modern_District,11.484665445125742,Old,367344.36
1730.1201598453192,2,1,18,0,1,Rural,16.509184522154584,Good,226503.36
1610.8476372988437,3,1,14,1,0,Rural,29.890510298294522,New,256583.26
2097.922627548841,4,3,27,1,1,Modern_District,14.76147331605078,Old,405876.72
1510.813611192484,5,1,23,2,1,Modern_District,24.665645956315384,Renovated,476420.61
2204.126377857236,3,3,7,1,1,Downtown,13.529951266931914,Renovated,849405.09
1148.7081978810797,5,1,42,0,0,Suburbs,24.09533095597156,Good,226683.73
2514.5778186628218,5,1,8,1,0,Rural,18.267029246983142,Renovated,394065.2
2236.2987412065213,1,2,46,2,1,Suburbs,26.71126780356955,New,484273.83
2128.0148671569377,3,3,32,2,0,Suburbs,12.917334018153188,Old,311349.29
2491.345491972757,3,1,32,0,1,Modern_District,18.524828174822886,Renovated,687592.15
2832.7372222312883,5,3,18,2,1,Suburbs,19.270541737945994,Renovated,688223.47
2507.1850325090654,4,3,2,1,0,Downtown,13.104105312213726,Old,599510.81
1079.5628843341774,1,2,9,2,0,Modern_District,5.185049266936964,Good,324838.28
1360.2115166321491,5,2,39,0,0,Suburbs,3.7132228004577312,Renovated,359933.49
1687.5907111521606,2,2,46,2,0,Modern_District,1.48347496738936,Good,416757.65
2013.0455251054168,2,2,41,1,1,Downtown,26.332493663111226,Good,554963.77
2258.8295102345614,1,2,0,0,0,Downtown,7.8577724549221415,Renovated,841285.33
1637.1280934232673,4,2,28,1,0,Suburbs,7.133695729171273,New,474242.86
2093.383382238539,5,2,49,0,1,Modern_District,22.345026612355902,Good,515636.53
1622.3085338233386,3,2,33,2,0,Suburbs,10.28046727953436,Renovated,387366.37
1694.241098504026,1,1,12,0,0,Suburbs,15.67529607994326,Good,339217.59
1296.6694515758888,4,3,0,0,0,Modern_District,5.712820893626232,Old,316515.4
1538.3833769445478,3,2,33,2,0,Suburbs,28.832625922397106,New,381673.05
1324.1576971918332,2,2,28,1,1,Downtown,25.695860600499884,New,515709.91
1512.0633735113336,2,3,47,2,1,Modern_District,26.049899065985095,Old,252202.22
2526.82089830392,3,1,46,0,0,Modern_District,12.796438708588152,Old,411527.53
1525.3005555840284,1,3,12,2,0,Modern_District,23.10847519750801,Good,394675.39
3316.1910324186956,2,3,47,0,1,Modern_District,5.172408506303625,Old,553454.14
2246.6589504404446,5,2,48,2,0,Suburbs,1.249951075161628,New,629773.02
2092.418061847437,3,3,28,2,0,Suburbs,1.5792150447628157,Old,325045.8
1570.8211099093933,3,3,38,1,0,Downtown,18.011450384732253,Renovated,570216.44
2350.1549397044955,2,2,23,0,0,Rural,14.206452252190283,Renovated,349350.48
1712.181086881113,1,2,25,1,0,Rural,16.022445118347072,Good,206368.87
2061.0049073226805,5,2,16,0,0,Downtown,1.2164310720993627,New,948392.22
3280.0422691343974,1,2,6,2,0,Rural,13.257911970065345,Renovated,485461.15
1951.9700501376751,4,3,12,0,0,Downtown,21.823976674824962,Old,472910.11
2574.6366631428377,4,3,4,1,0,Suburbs,13.838117357055639,Renovated,651274.68
1648.4117874370563,2,1,25,1,1,Modern_District,22.234356983054447,Renovated,456296.15
1982.5057547515191,2,1,48,1,1,Modern_District,7.757549967508209,Good,455324.7
2885.400317817755,2,3,2,0,1,Suburbs,24.58111812997004,Old,406790.95
1686.5164711061163,4,1,6,1,0,Modern_District,18.064505973150116,Old,337140.8
2906.2242789984643,1,3,48,1,0,Modern_District,7.112129883467281,Old,469485.4
2353.8759677277376,1,1,38,1,1,Rural,7.864893799761155,Good,286921.15
1718.766612052866,2,2,0,2,0,Suburbs,19.212883472516573,Old,263072.45
2316.2038695277606,5,1,48,2,1,Rural,25.06824820316086,Old,192756.81
2486.277224813365,1,2,16,0,0,Rural,13.0532056788455,Renovated,371401.72
2310.9049811085983,4,2,42,0,1,Modern_District,8.490712444700174,Renovated,674799.42
1214.8876400547717,3,2,24,1,1,Modern_District,26.143336600407412,Old,220122.31
1636.4314120875656,3,2,2,2,1,Suburbs,20.408780460774214,New,471725.01
1876.2406822242476,3,1,14,1,0,Modern_District,13.99447913120922,New,660065.39
1962.7832854499768,5,3,28,1,1,Modern_District,15.149105663099753,Old,383677.07
2310.336048775339,2,2,42,2,0,Suburbs,6.923437570155496,New,586884.47
2088.8505004666267,4,1,31,2,0,Modern_District,19.177276271880473,Good,525329.83
1332.3278206449495,5,2,25,2,0,Rural,11.40353280574377,Renovated,240521.79
2190.0989255029817,4,1,15,0,0,Suburbs,29.87371012355613,Good,435164.0
2305.2928726419113,4,1,24,0,0,Modern_District,14.925321942594747,Renovated,675420.6
2279.89522396552,2,1,27,1,0,Downtown,15.090682579498782,New,869246.2
2540.3903627773107,3,3,8,0,0,Suburbs,17.409701834909484,New,690265.13
2416.961077274452,2,1,0,2,1,Suburbs,27.585924090443655,Old,330012.24
2229.5900396142183,5,1,28,2,1,Downtown,24.223724895932758,New,896901.27
1964.9171442706765,5,3,21,0,1,Modern_District,14.082772024137402,New,725656.39
1169.5195332420044,5,3,15,1,0,Modern_District,21.842278713211083,Old,267716.82
2214.809109566293,2,1,40,1,0,Suburbs,18.000829464642088,Old,271572.94
2103.8438435815556,4,3,43,0,0,Suburbs,15.278644412336218,Renovated,492183.39
2135.7894185976866,4,2,40,1,0,Modern_District,6.577157410746166,New,717395.61
1361.6257120898454,1,2,6,1,1,Modern_District,14.454151640191837,Renovated,432620.52
1459.4717297958687,5,3,13,1,0,Rural,8.128739023654663,Renovated,275262.22
2526.576426666452,4,3,28,2,1,Suburbs,27.530422345697986,Good,493306.14
1980.2224230716724,1,1,18,2,0,Suburbs,10.72679759139406,New,498328.31
2340.7503486863125,4,3,18,0,1,Downtown,28.615656421467797,New,960676.67
2014.1591880652306,5,1,1,2,0,Rural,16.458603412746626,Good,299719.33
2014.8780697478726,3,2,40,1,1,Modern_District,19.31478698160865,Renovated,558782.13
2469.141902987999,5,3,44,2,0,Rural,16.745272890190506,New,409808.83
1741.9776358913132,2,1,14,0,1,Modern_District,4.752037892034326,Renovated,546508.34
2048.0603884704915,4,1,2,2,0,Modern_District,11.898815351230288,Good,581105.44
1768.8623556474788,4,2,10,1,1,Rural,3.875237256051094,Old,205582.16
1782.7518862838422,2,3,45,1,1,Suburbs,19.06566728131807,Renovated,384332.21
1845.4139382656804,2,2,29,0,0,Modern_District,13.959351660812729,New,604857.25
2111.0668858168565,3,1,39,2,1,Rural,23.56156417555717,Old,171940.76
1760.6256891682613,4,1,17,2,0,Downtown,7.393643948981725,Renovated,689628.99
2627.8780627867604,4,3,47,2,0,Rural,5.772415694450713,Renovated,401985.55
1552.696348890248,3,1,1,1,0,Downtown,12.783634697949266,Old,393225.22
1906.5641779193204,1,3,31,0,1,Modern_District,27.870976113333054,Old,302226.6
1780.1344708629126,3,2,7,2,1,Rural,21.60223263535994,Old,173183.9
2723.4889421768667,5,3,21,1,0,Rural,13.148785118994642,New,492875.48
2098.277388255787,4,3,5,1,0,Downtown,16.000892922875007,New,946155.59
2515.9222697343175,2,1,11,1,1,Rural,3.442177324135852,Renovated,396131.79
1257.219813481514,5,1,46,2,1,Rural,29.55270099490728,Renovated,154869.49
2133.5251329346293,4,3,39,2,1,Modern_District,20.32581183615265,Good,539973.88
2444.8153978117184,3,1,35,2,0,Rural,9.276717985439252,New,403038.22
2041.141994637712,5,1,14,2,0,Suburbs,17.988443432242086,Renovated,503485.68
2532.7401875326755,4,1,27,2,0,Downtown,4.174988616000825,Old,545972.26
1741.3557749498138,1,3,48,2,0,Rural,29.009263395419925,Old,116825.9
2704.67372009279,1,1,44,2,0,Downtown,6.068764648617612,New,966568.21
3149.449061809625,2,3,17,2,1,Downtown,19.79287922360121,Old,661028.0
1818.5807197801705,4,1,1,2,0,Downtown,8.118179413628983,Good,658835.86
1777.248739299614,1,2,12,1,1,Rural,21.809280096807537,Renovated,248691.2
2726.6922385588505,3,1,44,2,1,Rural,23.52781964996815,Renovated,349434.89
2789.7860728653563,4,1,14,0,0,Downtown,20.529172138431548,Renovated,983523.0
1738.569986423366,3,3,19,1,1,Suburbs,18.820484347400583,New,485330.84
1789.9065914520713,3,3,28,2,0,Downtown,26.88160372460834,Old,392305.28
1859.1076955697463,1,1,41,0,1,Suburbs,3.280174618702983,Good,354280.76
1327.7747444828615,4,2,28,2,0,Downtown,10.59652820762566,New,612052.5
1540.674026757901,5,1,2,0,0,Modern_District,8.200336909294533,Renovated,566794.78
1497.929616623966,1,1,18,0,1,Downtown,29.652404899897228,Good,427261.77
1616.1012174479358,1,2,2,0,0,Downtown,12.292303610339331,Renovated,636144.83
1982.6575563066094,4,3,13,0,1,Rural,22.245768277971564,Renovated,311195.63
2117.10736626826,4,1,39,1,0,Suburbs,20.85702975254913,New,521593.55
2775.2502464070385,3,3,3,1,0,Modern_District,7.150355886843954,Renovated,881319.32
1500.8229796306046,4,3,10,0,0,Suburbs,7.930932726134988,Good,379518.4
2492.161199238292,3,2,30,2,1,Modern_District,9.157252343037989,Renovated,716080.8
1893.0055778872456,1,2,42,0,1,Downtown,12.922691069521997,Old,371970.47
1975.2681451737835,2,3,31,1,0,Rural,7.795426903865277,Renovated,311223.35
2337.409746083302,5,1,26,2,1,Rural,1.5698929996585864,New,433708.85
1438.6389892188508,1,3,29,1,0,Suburbs,26.50239864740867,Good,268743.68
2191.204873092025,4,1,42,1,1,Rural,29.00268511004564,New,317875.75
2083.226104106528,5,1,1,2,1,Suburbs,10.90554122391547,Old,342850.33
2246.2256320040747,2,2,48,0,0,Suburbs,10.816699503338713,Renovated,475822.64
2144.5843219539092,2,1,8,0,0,Modern_District,1.2056625704567585,New,762515.66
3227.650069955447,3,1,27,0,0,Suburbs,20.72726996158085,New,788913.26
1681.130007874342,5,3,30,0,0,Modern_District,24.937756976710233,New,607322.61
1734.5015224990912,3,2,33,2,0,Rural,5.251640710440092,New,329514.22
1688.429736787618,1,1,14,2,1,Suburbs,5.630324131647371,Old,255559.35
1722.2614404198725,5,1,47,2,1,Suburbs,23.912414249171693,Old,229274.15
1681.306436346741,1,2,24,1,0,Downtown,18.872431702270195,Renovated,587948.08
2594.508265553776,3,3,35,2,0,Suburbs,2.3009561712037936,Renovated,620348.4
2710.2521239949274,5,2,7,0,0,Suburbs,19.05386272340617,Good,574317.93
1714.6268531252617,3,2,8,1,1,Downtown,9.958613962469215,Old,418790.05
1583.8222134478856,5,1,36,0,0,Downtown,11.693029508654533,New,680960.08
2235.707778193202,3,1,47,0,0,Rural,23.322211130609524,New,325126.44
1723.8884778595143,2,3,44,2,1,Suburbs,24.51712058750571,Good,305079.36
2316.4659088777553,3,1,38,2,1,Rural,12.610342178355088,New,367210.13
2101.46151042565,2,1,31,0,1,Rural,28.46743514418429,Good,226173.96
1242.127942501384,3,2,16,0,1,Downtown,12.787418820610094,Renovated,517918.38
2773.752600665031,5,1,34,1,0,Modern_District,23.383245021673186,Old,478002.3
2897.9388365477607,5,3,36,2,1,Rural,15.032440672363514,Good,383034.3
1693.6056547578069,5,2,18,1,1,Modern_District,27.028437469140435,New,605013.57
1806.1492200320079,4,3,43,1,0,Suburbs,27.325076065855182,Good,354021.42
2142.9326953624523,1,2,28,1,0,Downtown,3.535087428261432,Renovated,739657.61
2167.2283949935127,5,1,6,0,0,Suburbs,28.158306607996547,New,597679.55
2329.2721363364153,2,2,27,1,1,Suburbs,24.940510404092056,Renovated,502458.27
3005.1022693831746,5,2,8,1,0,Downtown,23.94801071506734,Renovated,1104653.49
1911.5263862529753,4,1,27,0,1,Suburbs,6.82642885088015,Good,406919.73
1600.851377730773,2,1,5,2,1,Downtown,24.348457053885284,Renovated,589389.63
1310.3403859927364,4,3,28,2,1,Modern_District,25.653849305866068,New,473629.77
1634.5349800290405,2,3,16,1,0,Suburbs,9.385359699170378,Renovated,417604.42
1983.4365135631015,3,1,15,0,1,Downtown,28.615542272507387,Renovated,696067.58
2897.278931758894,1,1,22,2,0,Rural,2.445944245575763,Good,383957.03
1741.1943504819142,1,1,30,1,0,Suburbs,5.34736834416705,Renovated,385804.11
2111.893975819449,4,2,2,1,0,Modern_District,16.589853003493914,Old,414891.45
1991.788551963624,1,2,20,0,1,Downtown,17.69798166254698,Good,592158.22
2594.196636724042,4,2,25,1,1,Suburbs,19.709352415726197,Good,518264.6
3263.4662129368107,4,1,35,2,1,Suburbs,1.4921047501485272,New,846453.99
1734.5656135398397,4,3,41,0,0,Suburbs,28.850636464041777,New,435826.27
1755.280278740889,1,1,36,2,1,Modern_District,2.2930546892901758,New,555986.15
2522.080438534536,4,2,21,2,1,Downtown,5.148796628978669,New,1062449.78
2340.9457448131557,1,2,41,2,1,Rural,1.4064210082556525,Old,211670.69
2923.3536628680167,4,1,11,1,1,Rural,17.438894565528745,Good,384991.67
2291.964092662982,5,1,41,1,1,Rural,28.035739633708197,Renovated,309421.41
1820.3539546064703,4,2,12,2,0,Downtown,20.312467816333463,New,799864.2
2295.327415346155,2,2,10,2,0,Rural,24.857066585932394,New,378634.55
2554.3517902914537,4,2,15,0,0,Modern_District,1.3851549002988224,New,927854.6
2410.241090598682,3,1,7,0,0,Downtown,16.718443655912054,Renovated,878230.59
2253.637015553649,4,2,39,1,1,Suburbs,14.327326347660135,New,583591.97
2533.337344794577,2,2,39,1,0,Modern_District,15.470070382402998,Renovated,690662.79
2584.6477952228365,2,3,44,0,1,Suburbs,3.09418237472045,Good,502983.07
2691.0794955187635,1,1,1,2,0,Rural,20.848625471009917,Good,335572.82
2324.3549437948213,5,3,29,1,0,Modern_District,15.593392030900398,Good,621936.46
1916.4409598415727,4,3,29,2,0,Downtown,23.189316645976653,Old,432084.18
2073.356843216661,1,2,11,0,1,Modern_District,15.073428387789745,Renovated,606510.4
2603.2544832541785,5,1,9,1,1,Suburbs,5.33206745056653,New,745206.29
1591.5321645063818,4,2,43,1,0,Downtown,19.79945166825684,New,625085.36
2184.3366544364508,3,1,10,0,1,Modern_District,5.999204501049821,New,765654.31
1803.3305938363196,4,3,14,1,0,Modern_District,26.299442337289634,New,650410.02
2014.3724114674087,2,1,15,0,0,Modern_District,18.780370933008005,Old,349626.91
2639.2259313036493,2,2,16,1,0,Modern_District,5.558912623151674,New,893099.28
2095.5495340099515,3,2,25,0,1,Downtown,28.907803666954997,Old,433978.49
2023.2182740780745,1,2,1,1,0,Suburbs,16.0325984367243,Renovated,487421.48
1320.0719295100403,5,1,49,2,0,Modern_District,3.114055104277995,Good,360778.7
2373.1267830136103,4,3,11,2,0,Downtown,19.17815422803695,New,1020903.65
2322.7420905705376,2,3,25,2,1,Suburbs,8.342768303371496,Good,470534.1
3081.62736165273,1,1,22,1,0,Modern_District,24.307110104441772,Renovated,810958.81
1846.1108825234996,3,2,17,1,1,Suburbs,24.716840133419527,Renovated,425393.15
2109.5751638319693,2,3,31,2,0,Suburbs,29.389473319785193,New,510252.12
2124.691841855378,3,2,48,2,1,Downtown,15.554216399710608,Renovated,705741.43
2788.7266398817374,4,1,37,0,0,Suburbs,14.193749512104377,Good,531740.42
1952.352233806524,5,2,46,0,0,Downtown,22.850792557947937,New,767119.67
2139.5107628851697,2,3,2,0,1,Modern_District,4.84164903391587,Old,422513.05
2303.9482548582696,2,3,37,2,1,Suburbs,16.8605499000006,New,577413.75
2093.304561578179,4,2,2,2,0,Suburbs,16.841180403794677,Good,473790.08
1776.783192724736,1,1,29,2,1,Rural,3.594720561501229,New,295151.68
2097.0449964491536,5,2,0,0,0,Modern_District,13.121538479700494,New,809603.18
2536.815874929886,2,1,29,1,0,Modern_District,25.745259158448857,Good,579976.57
1486.7423502944698,5,2,44,2,0,Rural,25.82845503784515,New,229241.24
2066.484837073438,2,3,31,1,1,Rural,3.877892282670749,New,371522.39
1649.9395925304134,5,1,27,1,0,Downtown,3.630905599687095,Good,583384.91
2597.5233144624212,3,1,20,1,1,Downtown,8.618168833056124,Renovated,914169.95
1238.4065476081128,2,1,45,0,0,Suburbs,26.36821581406581,Good,203150.5
1720.5390763642058,5,3,12,1,1,Suburbs,4.738174967131469,New,555405.37
2188.60593753226,1,2,26,2,1,Suburbs,21.87990727619594,Old,276561.51
2782.7620146171703,3,3,35,0,0,Suburbs,3.933802968779993,Old,397343.01
1967.124869463506,3,1,6,2,1,Downtown,19.070997758686936,Good,638530.37
1722.4002366534007,1,2,21,2,0,Modern_District,11.3259516744552,Old,294600.11
2940.578534720295,5,3,9,0,0,Suburbs,23.878504926010145,New,808401.25
1275.993049791878,4,1,38,2,0,Modern_District,7.777023015935544,New,444492.14
900.5970216899591,1,1,14,2,0,Suburbs,19.536853052308835,Good,183744.07
2220.007225026666,5,3,14,0,0,Rural,7.834793502700664,New,444076.74
1748.9728878236945,1,3,3,2,1,Suburbs,21.69614821025246,Renovated,434134.17
1489.3835914346434,1,3,31,1,0,Suburbs,26.336663002261716,New,351233.19
2354.1782236496765,2,1,22,2,1,Suburbs,4.677252174676041,Good,469152.83
2121.9003568855996,5,3,5,1,1,Downtown,26.1312749692696,Renovated,849460.87
1717.9606846316358,4,1,23,2,0,Rural,18.21368237801464,Renovated,264280.89
1359.8478006645528,2,3,19,0,1,Suburbs,4.686204235143695,Old,222143.18
2436.2286641400724,1,1,36,0,0,Suburbs,13.398713805431647,New,570850.16
2325.1005889793305,1,1,19,2,1,Modern_District,5.664948511067839,Good,576030.77
1950.4120681103086,1,2,11,0,1,Rural,21.310088777130517,Old,167445.56
2923.318498023833,5,3,32,2,1,Suburbs,23.00717589812054,Old,409612.43
1464.9576168369238,5,3,27,0,0,Modern_District,4.06809908791117,New,593712.97
1237.2374145376307,2,1,7,1,1,Modern_District,15.678055728144686,New,454651.1
1654.0459650593777,4,1,0,2,0,Downtown,24.624126624751597,Good,576950.55
1977.206991822251,2,1,36,1,1,Modern_District,28.148728204978898,Old,301129.81
2121.6697246613458,3,2,21,1,1,Suburbs,15.89201813551133,Good,433196.84
1879.381971071835,1,2,5,2,1,Downtown,28.558097484730805,Old,395042.15
2176.0276982571486,1,1,20,1,1,Downtown,16.534980143224864,Old,444102.33
1374.230287904778,1,3,31,2,0,Suburbs,12.431524343397331,Old,185363.86
2721.88230203663,2,3,34,1,0,Rural,25.59789072803397,New,417837.17
1958.9244108037155,2,2,14,2,1,Modern_District,15.296498603284583,Old,353202.31
2558.647915794064,1,2,4,2,1,Downtown,14.685172806371169,Old,543874.32
2171.362673188852,2,1,45,0,0,Rural,15.219062192885021,Old,172709.71
2228.376609576892,5,3,49,2,0,Suburbs,25.556765054222616,Renovated,501024.94
2284.883640116102,5,1,47,2,0,Modern_District,25.126304708953512,New,707176.03
2223.8542800086575,2,2,5,1,0,Modern_District,12.702079780766125,Renovated,674595.94
2321.361379933772,1,3,24,2,1,Downtown,10.665695936245225,New,909519.41
2664.5762650662155,2,3,45,0,1,Modern_District,15.265912697134748,Good,627019.83
2098.260584850735,2,2,39,1,0,Modern_District,17.610402782376163,Renovated,581232.77
2354.5018787942563,2,1,28,1,0,Modern_District,7.9117791082119115,Good,575844.59
1955.1321528563867,3,1,6,0,0,Modern_District,24.02469745675213,Old,354484.31
2720.0586077247362,5,3,39,1,0,Suburbs,15.108000206240263,Good,559671.7
1661.8038489703652,4,2,12,1,0,Rural,10.687320904178828,Good,252296.36
2900.470216455408,4,3,37,1,0,Suburbs,4.097808795955728,Good,602674.02
1979.9210246778282,3,2,17,1,1,Suburbs,7.926509651704601,Good,427617.27
1284.6124489409758,2,1,1,0,1,Downtown,28.529153980923528,New,555926.99
2064.0522074553946,3,2,7,0,1,Modern_District,9.847890917766271,Renovated,669111.52
1659.4741712625596,3,1,10,1,0,Suburbs,5.896919391644024,New,490820.76
2420.321774494362,1,2,32,1,0,Modern_District,14.359510957994802,New,749544.66
1673.6880103488045,5,3,37,0,0,Suburbs,9.905544557447213,New,492000.92
1776.9082833926102,4,1,47,0,1,Suburbs,2.0196182578646305,Good,360526.11
1055.2296345272343,2,3,26,0,0,Downtown,10.3712113011031,New,490290.87
1773.8468403754616,4,3,19,1,0,Rural,16.77915009424459,Renovated,295009.74
788.0603366855216,4,1,11,1,1,Rural,16.99965878857904,New,170277.38
1208.0485882571384,5,1,42,2,0,Suburbs,11.340208714129773,Old,184520.57
2380.207328072149,4,3,30,0,1,Downtown,13.971779931325418,Good,745653.85
2392.9000793254163,4,3,26,1,1,Modern_District,29.000019628808225,Old,414241.78
2212.7287808924825,3,3,31,0,0,Modern_District,11.943105839679037,Renovated,652387.9
1516.5119284353934,5,3,9,1,1,Suburbs,8.488577584539506,Renovated,448058.03
1976.1443219290102,1,1,2,0,0,Rural,8.060544277936042,Renovated,312635.08
1998.1987304547158,2,1,44,1,1,Downtown,14.27517376841989,Renovated,632394.75
1420.8176554037286,4,3,26,2,0,Rural,23.02608431279138,New,253004.3
2751.6991508835754,2,2,34,2,1,Modern_District,6.973657341465723,Good,666666.15
2438.6811452878355,1,2,30,0,0,Rural,21.569587687082272,Renovated,316875.15
1889.517913085168,2,1,14,1,1,Modern_District,1.6133448771330723,Old,360041.57
2013.4429194972654,1,3,15,1,1,Downtown,13.149056361534434,Renovated,736420.72
2104.1914039737762,3,3,12,0,1,Downtown,23.50008689088082,Good,692685.78
979.1325657878547,4,1,48,1,0,Suburbs,10.823255717458512,Old,145066.87
1876.4113087397016,1,2,34,0,0,Suburbs,17.348375941916583,Old,249607.25
1659.0078760011006,2,2,10,1,1,Rural,6.9443977519514135,Old,165014.22
1499.1899950525421,4,2,20,0,0,Downtown,22.517866342658998,New,670347.93
1859.4498535570226,3,1,10,1,1,Downtown,2.516093994794029,Renovated,719584.74
2898.843263424761,4,2,29,0,0,Suburbs,25.72373670138951,New,720000.41
2320.4214306335048,1,1,47,1,1,Modern_District,6.747695206228376,Old,371002.86
1714.4105051086017,3,1,34,2,0,Rural,26.35754291954159,New,239980.34
2286.291390678079,2,3,21,1,1,Rural,11.223347997715003,New,394397.5
